{
  "assetsByChunkName": {
    "vendors~app-account~app-confirmation~app-order": "chunk.4e7ba78d8f1dcd8d4055.js",
    "vendors~app-account~app-checkout": "chunk.4d561a243afb7edfe3ff.js",
    "vendors~app-cart~app-checkout": "chunk.e54656ae7e24e589d839.js",
    "admin": [
      "admin.cbe09400a61a3d0b2641.js",
      "admin.cbe09400a61a3d0b2641.js.map"
    ],
    "app-account": "chunk.355cb3b37fd63a88e4d3.js",
    "app-checkout": "chunk.faf82815c1ff84060785.js",
    "app-confirmation": "chunk.eaa2cb92ed6bdc4199d2.js",
    "checkout": [
      "checkout.ab3136c6f70ac5d65b23.js",
      "checkout.ab3136c6f70ac5d65b23.js.map"
    ],
    "storefront": [
      "storefront.776d4b7e653318b61a83.css",
      "storefront.2e660f32b0f435789a83.js",
      "storefront.776d4b7e653318b61a83.css.map",
      "storefront.2e660f32b0f435789a83.js.map"
    ],
    "vendors~app-cart": "chunk.0ffe3ef74a44fb1a763f.js",
    "vendors~app-order": "chunk.b74cbcf72a4d057fbd3a.js"
  }
}