{
  "meta_title": "",
  "meta_description": "",
  "sections": [
    {
      "type": "banner-slider",
      "autoplay": 9000,
      "full_width": false,
      "slides": [
        {
          "start": "",
          "end": "",
          "img": "/img/uploads/banner-novo.jpg",
          "link": "https://api.whatsapp.com/send?phone=552121996841455"
        }
      ]
    },
    {
      "type": "info-bar",
      "enabled": true
    },
    {
      "type": "collection-shelf",
      "shuffle": false,
      "limit": 12,
      "page": 1,
      "collection_id": "622bf5fd8bd0103c54efa770:categories:SINUCA:/sinuca/",
      "sort": "lowest_price"
    },
    {
      "type": "collection-shelf",
      "shuffle": false,
      "limit": 12,
      "page": 1,
      "collection_id": "622bf60a8bd0103c54efa79b:categories:FUTMESA:/futmesa/",
      "sort": "news"
    },
    {
      "type": "collection-shelf",
      "shuffle": false,
      "limit": 12,
      "page": 1,
      "sort": "views",
      "collection_id": "622bf5fe8bd0103c54efa774:categories:TOTÓ:/toto/"
    },
    {
      "type": "collection-shelf",
      "shuffle": false,
      "limit": 12,
      "page": 1,
      "collection_id": "622bf5ff8bd0103c54efa776:categories:PING-PONG:/ping-pong/"
    },
    {
      "type": "collection-shelf",
      "shuffle": false,
      "limit": 12,
      "page": 1,
      "sort": "views"
    }
  ]
}